product_id,uses_ad_boosts
5e9ae51d43d6a96e303acdb0,0
58940d436a0d3d5da4e95a38,1
5ea10e2c617580260d55310a,0
5cedf17ad1d44c52c59e4aca,1
5ebf5819ebac372b070b0e70,1
5ec645bafd107a02279c8c54,0
5c63a337d5e2ce4bbb3152cf,0
5e0ae5ebc2efb76ccf0a3391,0
5e6f1fb7fe4a5bb4b8bf36e5,1
5ccfaf238a8d535cec2dfb47,0
5cac5af68de7960d89e54fe0,0
5ec49d527d7044ccfa3f1c04,1
5e9da39dc737cf255eddd4bf,1
5d1db3c0e2b5cc0f74e091af,0
5cc2ce18bc97595b6549fa14,1
5c85d47641ec3b55d4d14f79,0
5cd3e795ebe403118bbc0f89,0
5b07a7c6e997b33c6f9947da,1
5a8f82375e2ae101c8913122,0
5cf648ce373ac2069fd6317d,0
57416238fc6f7d5d698f3c9f,0
5c244b73e6a1c618296f73db,0
5e1056784fff5f26e6f1745d,0
5d15731024c17f6b8b9bd97a,1
5c63adf7edc5d6528e8b1ca3,0
5bed2a42bdf0421a30e62c6c,0
5b5edbae1e222732845e655f,0
5a4f2d8f5dcd0221008b2c36,0
5e5e09065b03ef0b420f333f,1
5cc0049aca0c3b3d01a87964,0
5c9d920da94960780239d468,0
5c9ee457c233fd74ef4c8a84,1
5dc4488112f5e91a9d4bb52e,0
5b582d5ec4561c4f6b53feeb,0
5cae1d6c836ecb39e57e9e80,0
5b10cf0b7cc4492c87411045,0
5eb4dcebdaa4b90940076979,1
5c80e8a150c63d28c67b8f14,1
5e7adc5458a95b3323a3c6eb,1
5d2fd5a9af7a0c5b21369a05,0
556fbe8595528719e004fa27,0
5ea69521f5e1e65a3c70faa8,0
5ea7e2d999ecf941204c42ee,1
5e702eb03aa1f42076ffabc9,0
57d3bc906cfeb9135f44ded5,1
5c136c3cb870cf4e458afee4,0
5e9a74e447f7d92c8db8d14b,0
5af6bc9c13927d50370db58a,0
5d1573a55a16864c5de706ab,0
5c9212fc8de79667e3c7ca59,0
5ea2877224b9643185e52b58,0
5d806ae97c339c307264cf76,0
5ee717cbcb636e7b8b597fc3,1
5ebb9faea86f7a4d86e2f6fb,1
5ceb62be9795ee4693f2cd00,1
5af519e189a29b15fca1b13b,1
5e81acbde187530740f207c6,0
5c879aba202e6b38cd317164,0
5ed1b644b1e34008ce012d4b,0
5d52b1d7314eb61030644375,0
5ebff6d34a4cf4438dba5d80,0
5eba6ecb9a9e129fb97b5dfd,1
5ebf5819ebac372b070b0e70,1
5d04e3db2ec1245228829a64,1
5aec22cec25735338c544690,0
5ec5cf37cd3da70de19c3f18,0
5d034039c822d263d90f58d4,0
5e940265ea3640c9ca0353aa,0
5c9ca27e5aee12258c2f341c,1
5d29bc2ed35393550e31d6f3,1
5e86c211d22ae539102d25c7,1
5d2407e66e8e037b4dd9fad3,1
5b0386696040cc41f2331c83,0
5d5d038d99df1e17cc9313cf,1
5ed0dfc51fa8446451b19c0d,0
5eb0f23c904507255ca6530c,1
5e4267d60640954a435e64f5,0
5b29e5b5080ea2661b2287f6,0
5eafcf8a1f07813cd5404b52,0
5c91e1ecb14bfa747e277427,1
5ccd341e8cc067595fcba7c4,0
5ec773b5967eb036b2c2e668,1
5de079e771151e6e9e85ee05,0
5e97e0c7cb3cec329c7b4e98,0
5ad987d8918dae087d633040,1
5cc67417a01bbd6b6c066df2,1
5d0b4268d5c8e1784b6e23b4,0
5c061cf358603c4b35a19363,1
5e5f5289a950c34147f0d94b,0
5cf5e44b3c8b9e101a5db52c,1
5d78eb19cc404c03393c83b5,0
5d5d038d99df1e17cc9313cf,1
544b079d1280fa28eee9b380,0
5b35cab04f75026255f2364a,0
5ebe0ead593b960eb1c82d0b,1
5e958754a9136f26ddb12929,1
5eb8b430e015797901090ac0,1
5e7f13c2bd7ab15d52e9b5f9,0
5d1db3c0e2b5cc0f74e091af,0
5e9d55038d475a01721c1c7f,1
5eaa6d9c8d99eb3ec06709f4,1
5a5db5398988991d7f7aec44,0
5e9fff5de4df1d32ef2ca70c,1
5a4b9eba2b0a1c3062666033,0
5e1bd924d7be4445acfa8c6d,0
5c5fc9a63af7386b63c00d25,1
5e6bbe2bb683599ccbb78637,1
5b1f9afe694fab75ca9fa8ea,0
5e9915ef9fae4f26f32f15df,1
5c78151c27202a28a75752b7,0
5e743eded2656b046017c719,0
5acb7ae3a69e662bb0133546,0
5eb90ab5ad67f63678d15ed9,0
5e9d3df803ee35376979fe40,1
5dd00194ea9f8e175c5561a9,0
5eb8a1d594d1e31702a4ef7c,0
5ec118ec7b4679d720f8de1d,0
5ddf65d292bf935981e0eaa7,1
5780938ff1ab1f1146be7dd1,0
5e3fa5ca9c4021248d4e1c37,0
5edb2db0fcc85c2e12014395,1
5edf1267c771c4255ceee25d,0
5eb4dd169263020a42be1a88,0
5d93f4284385140973836ddf,0
5e74326f3ae3412b2f7d9f42,0
5eb8d93dbd495919c2a0feb6,0
5ed3ae8e7bf8821d5cf4bc64,0
5cf509abb483551e0278ac5e,1
5e946e7e5a19660b52733c7e,1
5ed868776a5a342472182986,0
5ce74be097a9f1764b0df1f3,0
5cf632d1c0baab5b15e71437,1
5cef6f6f1d8cd844d8dade14,0
5eb0b91db0d5d210fe8ac2ff,0
5d2432e4e991b724c8327597,0
5ce604beadbdfb572729ca3f,1
5e7482a975c1d92dea899a18,1
57639e8824841762459c5e5c,0
5e8dd27d5318e78013eafd40,1
5ebb8a4dc5b72c3e982ec9c1,0
5aec22cec25735338c544690,0
57eccd2865007e1903d250d8,0
5cd939cadb29322e7a79b575,1
5dea1d9cec016f062ce8aab1,0
5d05d9ca81f992576d4f0d23,1
5d80989a9abb1f75b86fb8ce,0
5eccd22b4497b86fd48f16b4,1
5eb650f019701819801f42b2,1
5cfa8fd7b5db0b6cbdb5f4a6,1
58e0f38f9bf29f55183efd0d,0
5ebe24ca1c5e1d1d5306a00b,0
5d134234b8b4be6c4ed403ff,1
5cb854e30715c33b71bcd318,0
5e93d60ebc5446aedde50c50,1
5eda07ab0e295c2097c36590,0
5ec37404c1831f02b79b7cd9,1
5ece1b9e57fd6f3ea96f0b26,1
5a3e27622b0a1c693c87e849,0
5b74c8f200e4c40836165131,0
5cad4ef199e9b858928efbff,0
5b1bf3ccbe42dd67af401067,0
5bf4c675e52f7426b0d688f3,1
5e9a74e447f7d92c8db8d14b,0
5e9e8180ec24302643422eff,1
5e9acdb9faf87d3f938dbbe6,1
5e951bd77e3ea319cb8c4d83,1
5eb4f323b67a8d189a8f8380,0
5e26fc417db45b12adcdffef,1
5e21311e2e434806022e2d5f,0
5d9cbb8cf401a262dbc2f81c,0
5eb0d6ce8924cd08428a902a,0
5c7a4ff0fc2f9d2ebdc57be4,0
5e71e299eb0f3b5a3af7c35f,0
5ec1ed21f4cb0a320a390bca,1
5d5531bfde263a630dedc093,0
5c6770a544f429173fab6b0d,0
5d401a46387b8d36d665b17b,0
5e0eb9a3ce94460127984053,1
5e4b795796159b77894f2afd,1
5ea6bb4678212d0c01c3476a,0
5dde07c651fe4539f9c3ee70,1
5bff59032065bf4285123b4a,0
5e782fc60185361b7bee805f,1
5d369a1866c3c46a8212c172,0
59cc60cb86ac5b2f32a92b8a,0
5abddcc030a7eb0beba353d5,1
5e79a626daa3f125000815ad,0
5ec5e902610fbb0cb0ab6da2,0
5e3bc68087e8cb10820b3161,0
5ed1c059630f990d1d44592c,0
5525ebeb3056e817e9ccba1d,1
5d03bea61eff7835fb25338b,1
5d80989a9abb1f75b86fb8ce,0
5b1f7d6c3c6b9b16c50a857c,1
5b909b94073c6b7adb985307,0
5eb2218fbeadef13bbcd71ad,0
5c6275876c0cb22f5e6ba570,1
5bcd4a045d689f171be1655b,1
5d0062d51eff785af2761c47,1
5d05b9c3ffe84667e45db71e,0
5ce55cc2ebe4035d7fbeb4f8,0
5b73bf7b7594b445df99384e,1
5cce7e4242b1b85f6d3e5fa6,1
5e68654e4d9d67070047a61b,0
5e58c7425692c749b5631d44,0
5e142dee04c3e579e89576a3,1
5ad1ac1b81260b40b40c6b2b,0
594c7f0082f9b070a355c94c,0
5ce3aefa37b2e67944a89146,0
5ac31ba3a9cca9278bbf44d5,1
5d9d842eb20dc815d33f5749,0
5e1bd84750f8cd462a20b05b,1
5ec1e63f7abee20ab93c68f2,0
5e65d0ea5dc348884032a14e,1
54bdf18039b8c045f118936a,1
5c8783d4fc2f9d769aa1cc3e,0
573db9316b335c34ca0513b8,0
5ee8875404718a4bba2d6348,1
5ea5128b91b00685e5fe387d,1
5d5bc86a32cc57482a4b9d5a,1
5d0729b0f945bd59ac54b329,1
5e54bf2ed1ef373d3ad6d1d9,1
5a13ff501726782d8daed18e,0
5b1a56a219b6ee563e1edc39,0
5e9692898a10221b310986c9,1
5cada72d2d542d7a90cb4f2f,0
5ed1b644b1e34008ce012d4b,0
5cedf17ad1d44c52c59e4aca,1
5b6696c5365562146825dd5f,1
5d5e5ca35cd08f2a40b53f48,0
5eeb1da8eeb02e10154792a6,1
5cc5464bef87096336ab0583,0
5cda28715a88ef05656ef440,0
5cd22d97dd0c5b6415519101,0
5cf5ccee75af880a5c947bcf,0
5eb95cc7802266bb4675b6d5,0
5d11c1a359a267782799345b,0
5e12e142f1166c04c1948efb,1
5c84bd33d8694176615f7019,1
5cf8d241b5db0b3d18364572,0
5e9e8c496f15e20742bd4172,0
5ea3b3944119761a2b014de7,0
5cd1cbb1b5d96721e0a6b346,0
587347296dd28e71b1c9d289,0
535530635aefb0555ba4351f,0
5e3baa8d8f7db5003fb33026,1
5e4a4b252ce2e5cac8cb6364,0
5e180dab29a9690a38a1748f,1
5e8d70549f1504449514c8b9,0
5d550011680f557c89bb4406,0
5dd4b6c20f11f57cf9ad97d8,1
53897eeeafddf70c91af1cda,0
5ea0f2a654446407c111b622,1
5ea913d8fde32e396ebfea19,0
5eb0db681c4b1c25486d2e7e,1
5eb207e9beadef0479cd7271,1
5b42fbca85270064d13d6679,0
5d15ae82502b2660ec498f59,1
5ea3bfe9b95fdb06c2c5b88f,1
5c2f4fd85c994c42faf7c82b,1
5cefa120731ea53346708575,1
5e609a827dc79ebbd3899c0b,1
5e843aabcde5b602e21d1e83,0
5c36df7cc86a911c10f32184,0
594dcfd3346d4b7048be7495,0
5cece97854680c605d708db0,0
5e6b0d747962cf365c8085dc,0
5ec3740fa7ed5d2fbc7460a5,1
5c3d7f9c4cd456252b1aaf7b,0
5cb0c8ce99b2203478a63abb,0
5b4706f2b0674e4982445092,0
5c554a96f0a57768026f4891,0
59a6a209d2bcb73a60589e00,1
5ebff6d34a4cf4438dba5d80,0
5d35305c24357406456ff507,1
5eb639aaab882b0f466bf02e,1
5df1d9818b8232096b1f153b,0
5dc3800976a1ec057a02a047,0
5ced017c4e909a5584d1ff08,1
591c6e86681f5f27332330ce,0
5c975ab7ba7ed20eb805a242,0
5a38f6e0fc8e5b063a250db6,0
5d16d575190e3f48ec7061ed,1
5acb0ab0a69e66115b133cec,1
5c935aa8778e8274b0bdcead,0
5e97fdc8a558b636a9f4b239,0
5eaa763d431fea1e04e210ea,0
5ee8875404718a4bba2d6348,1
592bc443f4fbb234d2e85852,0
5cde56ea6bbbd86b1cbab4a8,1
5ea91e4d29b81241e1d43b27,0
5d1460e2aec1fd1f8cc82be5,0
5ae5ad725194c9720b59d1d2,0
5e47d0ff641421625f0c94ca,0
5cf73fa7b5db0b19a2c59bb2,0
5cef78be3219e2346a96779e,0
5ec3740fa7ed5d2fbc7460a5,1
5c9853b1d2430a5b7500f4b6,1
5ccd5797cb8529092f1cace5,0
5c90908b8625751a972408f1,1
5c107c373a0d72228ee96207,0
5d5bc86a32cc57482a4b9d5a,1
5e1eae0d2823cf0ad7d20358,0
5e53ed365c21a20c1bf9b8cb,0
5e9810834500da4e8d0c2376,0
5ea27636bea0a409031ae82f,0
5ed70273653d316c5a04335b,0
5bb6cfd4e0334021219d5d2f,1
5d3fa6df99a3f92b0a400e46,1
5edda5aeb7160e568443c6e7,1
5eb658630aac0c435be0b210,1
5ef0ef11f30aba4e22166d4b,0
5e5cae2fa25ca51880cf47ef,1
5e93d87e2e87d8b154dd238e,0
5c273b6f959812232228099c,0
5ec4bf87c2112615ba1c66d4,0
5d156736078e6e75b5404077,0
5de8c7d46beed03182792ce7,1
5ebf9b2a6e0bd84bbf5edb18,1
5c6782e351aa00744af69565,0
5d688e832a3d8d5ba95c15c1,0
5ccd4ae4400cf976a05bea6e,0
5d832e8bdfe9c5124cb98bd2,1
5c8a111f4caa1626abc98d55,0
5aa37d856d638a7ee5469a6c,1
5e90074a5dd4013b350b81e4,0
5c89fb9f548adf55f587bb22,1
5e65f92959cd5fc3e2ebf080,1
5c10aebf9b427b638743a490,0
5d5bdbeb59a0f0065186c860,1
5ebb6e21224e2e1e5929be1a,1
5d332bbdc15e48119789c2ae,0
5b07f4f16e42c03e6eb4b1f6,0
5d26a954b93be477634336ab,0
5d0c8e125adf55596cf111bd,1
5df58b3dfcc85c5bf78552eb,0
5ed8983fb83b7828822ad26a,0
5b238ab1ddaa9221a9b9249c,0
584e5c5190e8175031339254,0
5b133d8edfd6302a48963642,0
5eaa6d9c8d99eb3ec06709f4,1
5e59d0872190531f19135384,0
5e9e8c496f15e20742bd4172,0
5cd8e61e943cd76a7c2d0be0,0
5c30694985fe9b55be100665,1
5eccb8aa18e87d64f13e012c,1
5b0cb6869019fa04b1e83f3f,0
5ebfdd5bebac37702b0b207b,0
5ea914e163d59930cccc879c,1
5b5c11f425298226bf0cfad6,1
5ac31900e114ef38d7fb09dc,1
5cf611aee7e9e650150d59f9,1
56a88f23e726b165ec424c94,1
5df202bb707508021388614a,1
5ea90d795a7b8a3ab73de10d,0
5e75b2e213e56742f2907368,1
5b03c5328b3f0e17fcf0faf1,0
5e8eb0f1ac17f03b1d4c585d,0
5b88da661a62df412262441f,1
5ebbd192c1b69c3de34286cc,1
5c40402ec4dae35993974402,0
5c80e8a150c63d28c67b8f14,1
5edf3082e066d71501a40c73,1
5e670a1bfdfc802659966971,1
5e8c22c6e4ca5f4a4e5b2bbe,1
5b0927944d25b81c6083a63f,0
5e943811e6cd6f1680c64414,0
5cabfcdc32227053f6254ee6,1
586f25ca9365e96fd0d1c09f,0
5ed3bc0f48c418059f206943,0
5e1e7173813e9901fe03beb9,0
5cee1ddd050d347f75e6668e,0
5ed9de39b6befd33de8dd908,1
5e69cad1c01db73c10b938e7,1
5ec48b4f504db2c516aad131,0
5e8d7de13fe07502b8f48c70,1
5b1b4f77b1e26e24b3058773,0
5e1441859fe5367b00bb3b54,0
5d410e4a11512c51311ad3d3,0
5e3e69f009a91d0893974dab,0
56553387a03eee0826acb151,0
5cc2af5ba1aa1959ad4341b8,0
5d68bd0b1b88a17f1aebbc8b,0
5eafa3137a265f22445c1482,0
5eb38309fa6f111ca122bed4,0
5cf0ee81f1dc9f714cd38255,0
5ec49a2f9b4280aee762a72d,0
5e98015614b1cf44d90910da,0
5cda82293eec43037143a061,1
5db3bb3bede8100679c50fb7,1
5ba4f816c1a38516a0cb12d9,0
5c6bb167314806702b1b55ca,1
5ea67bbe87683f3ad5bc83f3,1
5ec23bea8bef5b2d1d994b95,1
5e95381c6072db2941108f3f,1
5d19cb1bf558224b10ed6352,0
5e59c5f9bd11e71903d79ec3,1
5b17b34f5272053200439a7a,0
5d1060d39ed281190dfcec91,1
5d14546bf5eab044136b2540,1
563707b0e5be09157176fe80,1
5d00c646e1fe9971cb8aeb9a,1
5e6881d5e045550e433acc50,1
5ac1d7201a8c21778e2a2482,1
5e60961c7ba7dc614091b57f,0
5e9ee02987ac3b0f75279756,0
5dc935a53c6ea501005741ce,0
5e9932cab3eafb25c00ba79f,0
5ca219bb68678434f74cc82a,0
5b0e75f106c2bc706f82561e,1
5c3ee10631d4665298c01dec,0
5e46bea2659a6838000f1255,1
5ea8cfb44e671a04ca0e5b79,1
5edf3082e066d71501a40c73,1
5ce25f6abcd1323e12e5da97,0
5df9c78eb66d8b0afed110c4,0
5e16bfe7dbbd26008904fe6e,0
5ea3b3944119761a2b014de7,0
5e93d2215a3eed0c80ed2e56,1
5c984d7e082de24a302cc559,0
5ed6032d69876d3e38e34bcc,0
5e686ca2d57c632500ba6543,0
5e7dcf204fb94d0505f3af99,1
5d2eb8028c9c606b3e2f99cc,1
5c6e63c954bd610ed2bebe4f,1
5e661829f862cad5bb9a224f,1
5ea7e2d9d113700dcbc76b82,0
5d0c79efd805290e2ab8d712,1
5e799a568b59163b8a9d2c21,1
5ac085a66d638a3b2bc434d5,0
5ec5e362dfb6fa1a150123b5,0
590c2cf4ff4b3e7b335e6a7e,0
5db3eae4119b010a435fa932,0
5ed1d078d8841a194fb87630,0
5eaf98de05a9b4014db48b90,0
5e39049345452705aa173fda,1
5f01c514792d0b94d29d0cb6,0
5d2d750dc7bd0127fe8cc50e,0
5af40bb2f281cb017ec17012,0
5c9450f3dd30f5586dfa47f0,1
5df77ce97ad7980a900781e0,1
5e5cb06e8ac7c478f8cc2cb5,0
5b629b6da70ab967b5402657,1
5c8622c240fb5753d489ae2e,1
5c3444e69740a97bc41bdb5e,0
5ea79fc6579d081c80f57b08,1
5d24618d5b4a6c625d6e931a,0
5dd624d86c7b2c9de52362af,0
5dd39d1da55d5466dc560252,0
5cd3e833034a3c2ceeed0ba9,0
5e3684770ee1810ee4160d27,0
5df77ce97ad7980a900781e0,1
5a211e5fb2f70e3fded9ea3e,1
5d0214aff779d1671ecff865,1
5947a7f69009d76370a4cd97,0
5d0b42183ae5dc63a3a94efe,0
5a4ef583061be948d524c8e8,0
5e70ba09e3d51e1002f7cf8e,0
5b039ca98d537915d3dd0071,0
5ed89213b14bb80600d2468a,1
5ebcdff977dea63a3bbc4e5d,0
5ec5ef713c5b5f21ae984f89,0
5ecc8472fe429946b009900e,1
5d2c36f4010ae87eef758d55,0
5e573e6360f35b2661fff9dc,0
59438e8f609fe23d637ddf41,0
5e9141ec67b78030f67d01f8,1
58e6e016b5b91e192b207346,0
5e5b7192cf4480c25cbc626c,1
5cc40501e824b607860ec588,1
5abb034f5e2ae16763047591,1
5b035ff3bc3b6a7a3e91811b,0
5e97f85b737a610159cf5efa,0
5d6e5c9b045a156519de6483,0
5cb541909a4d0e69ecb34301,0
58f5ebbc9895db01c700c615,1
5d9077c6e6119333db096ce2,0
5b126e3ef1fce6262041d8b3,0
5e86c978d4bc413d5735e5ea,0
5eb4f323b67a8d189a8f8380,0
5dd900306a7d4f0c672f6e30,1
5bac96d54b784e1e83636983,0
5c9b2bded2430a1d4535ed64,1
5cf66417936ead236e2015d1,1
5ea7e2d949b52108c6560c5b,0
5e743eded2656b046017c719,0
5e951ed83843b713841430e1,1
5c9212fc8de79667e3c7ca59,0
5abb107507c7b470f5efc3cf,0
554b114fff561a1235152554,0
5a755aca35ca8610fb54bfc3,1
5cb14fc53632e85803d4e328,0
5b977f816c03331992548158,0
5e9d34befcc85c593db92d5c,1
5dea1d9cec016f062ce8aab1,0
552f840fcea30816e52aabcf,1
5c4a036b77c75a26fc78fb02,1
569de6363e68eb0d85e0cded,0
5cb3f6030aa3a43bd26d5af9,1
5b2b24dd7fc4eb3f593dac62,0
5cc01186416a307424603aba,0
574eaac76283f860b772ba47,0
5cc40a4d1d09f56e4fafa12e,0
5d8d8f2e0c400f2f97671e30,0
57f70798531e39192c0db8e6,1
5e142bd2ffb8db76f604cfc7,1
587dc542c334b3508f79d68b,0
594b8b92a8834639b6a09295,1
5ec899f21043f127b20955af,0
5ad714f9c4791873311ac156,0
5e943811e6cd6f1680c64414,0
5cc2c7e11f6e1263c6169d59,0
56ab07ee59a6820f0a29f468,1
5b6021aee07ac6197df2d097,1
5e9dad8cbc19c300417e1733,0
5e9dad8cbc19c300417e1733,0
5eb4e78900cf4a1f5b5d0fe1,0
5e9587727e435f174603150e,0
5e4501ec336e3e324049e199,1
5eb3a12911440f2634f0dbb3,0
5caeb60f046e927ba20e27eb,1
5c9f318958417d39264a7878,0
5e9d28099fb1a6c87938eb06,1
5e12c01191235958ecdd6285,0
5adf04b7f3bcca2a870d2104,1
5c3c203632a6a40bc2a9c5d9,0
5d5a4895a5d03a4088690b06,0
5e9544e52c07571a03ec85a8,1
5edf07e70b313014b48a7450,1
5763e16461221c639c5ec734,0
5da95c1665eaf90d411b3bd0,1
5a6f52aef718e05afa275acd,0
53c8f05046188e57778ac77c,0
5942193c9b78fd772abfc706,1
5cd5116066c86729ee53cc1e,1
5eb8f74fad8d1085b5bac034,1
5e687ba49f25130c8ef07f36,0
5ad8a6fda7d4844b7e6d9e5e,0
5e79a719493d722c8e4fcd4d,1
5c932eafa1a838592a672364,0
5c3c4a7f97fd8d386bae82f2,0
5afbce54b0708d5b7ca09377,0
5a925ede414de21cb29cba9e,1
56f640b461d6cf68cb5c5d83,0
5656be5c8f5f02126fd6babc,0
5e9ff9f8627b2e2e6531fb85,0
5e96a75c5ccddf1c40dfcb9d,1
5e142dee04c3e579e89576a3,1
5cd93efe5ea312479d7b1400,0
5ed0b14ac170044ba20d1b17,1
5cee1ddd050d347f75e6668e,0
5f03643cc00703c46d6745f0,1
5db12c316a6f680a03dba43d,1
5cbdabea787e5828c3059a6c,0
5ed9af39e06ea614ef1afb59,0
5d7886997bf8ef73a437287a,1
5eb24e953a4167257cc30700,0
5e06d16908979a191fe33031,0
5578fe96893ec31c0ad635e6,1
5809ab4aa964b43cbe7b19ef,0
591c1155b9317f274dbaac86,0
5b04d636306ac3182e2481f9,0
5ecb610b60d793319e3a06a0,1
5cc7b4c98b94871ee33b33b6,1
5ecb7e7bdc30f61965688c68,0
5cef6f6f1d8cd844d8dade14,0
5eb252858a2fcf27fbd81ece,0
5c72abadba08b264e3aebb9a,0
5e8dfd148e760f97b76f09a5,0
5ce21d4c033389325d443022,0
5d4fb2a715168b6ba86ad354,1
5ec773b5967eb036b2c2e668,1
5e8ebf2eac17f043654c58d7,1
5d67944867b2c57d6f358338,0
5d0097b7e372cc63e0376a4c,0
5ea914e163d59930cccc879c,1
5cabfcdc32227053f6254ee6,1
5b21200c62ecd114b51a00f4,0
5de220d892bf939443e0eaf6,0
5c89b88e9a4d0e31e7532778,0
59636dbdc657d57012e8b3f3,0
5e54d231288c854858653a3c,0
5ac302716931da0d71398f53,1
5eaa6e36fa62c322bb57f78d,1
5ed49e6cbddbc879074ce8db,1
5c19e627b5d6eb585a98b1e7,0
5d10313c6903be601a68191d,1
5ea7a6f6191e142dee990e0f,1
5cba00c59cff0a2ef7bb8df3,0
5d0243123ae5dc7393474e4d,1
5e60cf863cc066db7c05eeba,1
5c5fce98075d674a6acc7b84,1
5ee4389b9d2ddf161dcb50c7,0
5d0b4268d5c8e1784b6e23b4,0
5c95ca01202e6b700d5c5ee4,0
5a98b8cd414de27e9ef44d4a,1
5e0ac4a79691cb6cc1fa7323,0
5e1847af3336f40fccedf031,0
5cf22f0724fe055ca684c3a7,1
5ccbd380b8ceed67d64eb36e,1
5c25a5209e480d5fa87c638a,1
5ea252f345b33212c1012e5e,1
5cfdc9eaa9b0806c2f9aca41,1
57d25f8877ba9b045e02cd12,0
5b220a09415f47162c1c155e,1
5a991e9dd236a537f1473439,0
5c9209128f5ca95fc2c046bd,0
5ecb7f7dc76c3c99918909f0,0
5d197f6647e7d46f98d78309,0
5e902948fac97a32c1e5e38e,1
5edf2bba26a6cf0388a44aad,1
5ccfcecb9abadb59845c93c8,0
5ab5c9b75194c936ddbdd8e7,0
5ed1c059630f990d1d44592c,0
5eba2544300b031bc24ff8f6,1
5ed49e6cbddbc879074ce8db,1
5e37c1ea08b64727ff894b5d,1
5c340c2b31825e42ca62d69a,0
5ea11f79e2a3123494955d83,0
5df49c4732950d0102838a00,0
5abcce430de05539f33c17a2,1
5e913f130d3e282f24260292,1
5e707d59ad58d64d89a54409,1
588392e43d29014fabb85dad,0
5ad95b9007c7b46572687a5d,1
5af8fc1aa708c4241d0cf8a3,1
59d5d6a6765fdd2dc2d6ed2a,1
5e44564413b8939de2f0a0f8,0
5e3baa8d8f7db5003fb33026,1
5eb4dccc8fb578171beef0ad,0
5ebe625c3cdb6c40b7b9231e,0
5e7e0c35e27371898f419f5d,1
5d0c8dd26404871188ddf01d,1
5d67944867b2c57d6f358338,0
5ed9df5dd6223e34697f9024,1
5ef9a1091df14e8f41dca4fa,1
5ce69880afab7162455321fe,0
5926a32e5b3cde33d7993689,1
5e8436c3c510a227405a1f1b,0
5a93ab421c6def23e6f0c878,0
5eb3aec324c46f21c224b844,1
5c61232151aa0072bb647739,1
5c6512e25d38b721f29d4cb1,0
5e9d476c03df0b35e16bc678,0
5d2fd5a9af7a0c5b21369a05,0
5dc3b1f9896ffb0bdbd02d76,1
5db8fcb8805c6a02fb6dcc29,0
5e9570e2d4af000dc41b1a9a,0
5dbfe72d66169243db6635df,0
5af406469be1de3b00f73128,1
5eb38309fa6f111ca122bed4,0
5eb4dfbb1284d61c96c43bad,0
5c99cb32780afa57da3af9e0,0
5cdd3515d943635651a29bbf,0
5ccd5797cb8529092f1cace5,0
5e95cf4cce38972f9c579599,0
5aabae5e7ddb066f389e4e7b,0
5ea1a307f5df8f1f851fda62,0
594b7307a6623669348a92d1,0
5b24a2b9b2c8bd2aa4036e49,0
5d1c3deb8efcc17404a476fd,1
5d9addc41a7798259e7a705b,1
5ed5c0afc832f62b8cfb21cb,1
5ebfb735c9354d2da2efa220,0
5e9e512979c77d0abfe12ef2,0
5eb618659ac3e01e76161a4a,0
5936611a08f45940ce8b5e01,0
5e5769e751a8041e0224208f,0
5d159fb3571bc13fb08f3a77,1
5c3ec8efdb9deb55dd4b86c6,0
5e9536095c9c5306813b3bbc,1
5ed868776a5a342472182986,0
5d32ae384c901a2f6263384d,0
5c984d7e082de24a302cc559,0
5e44564413b8939de2f0a0f8,0
5eaaece39229fd6f744473dc,1
5db3bb3bede8100679c50fb7,1
5937a77811601873f9b93e96,1
5e12c01191235958ecdd6285,0
5d19be93231caf73e46ccc12,0
5d32ae381e56691d7722e2c2,0
5bac96d54b784e1e83636983,0
5cf7a100809b316c5d761f61,1
5b2b38a1f795e417f8c00222,0
5cde482084913617975abc02,0
55a3818f65bfcb406995a2a5,0
5d69df6c8b2a8b61e7b3eb0c,0
5e9eba2f1a0bf408fef8b837,0
5937cd7fb6a2cd0ccdbef91c,0
5e807b83a887540e4049dd31,0
5c86009eab8dc14c1e679eb0,0
5d11df5057a1887a5e25584f,1
5e93d2215a3eed0c80ed2e56,1
5ebfb735c9354d2da2efa220,0
5d5f49662c026a13234062e7,1
5ce4172ab1219155bd999296,0
5ea8f08300a7ca1e25baf3e1,1
5eb0d8b4423db02317031a34,1
5af661dd2c642f136b49527b,0
5cbe81430aa3a4566e6ee369,0
57a940f74b2a7418992a07f4,0
5def361cdcbcd1028120322d,0
5ea11b7fdb5ebf040c8e489d,0
5cdbfec689dab63d46b47cc5,1
5eb4ebb47cac1223a5749cc2,1
5e65fa41b12772c309bcf9fe,0
5e7d9bee6732e31740797e15,0
5ecb27f2a746691048f27232,1
5ce2702ba6bc056027727991,1
5b7658a91fde835ed161abd2,1
5d204f0cb51e547d5b3153cd,1
5d31f9a0a2b39074d5732b4e,1
5e7dc8a4c2e8ef49007d2dd9,1
56975d088b70437255bf8af8,0
5e70535be2608d353af85716,0
5c0f719d4901112e08cf971f,0
5cd3e32fd908537780580e43,1
5c90908b8625751a972408f1,1
5e5f507c931bd44190563aa1,1
5ccd341e8cc067595fcba7c4,0
5b6270648aa701441eaab44f,1
5e16cb87e6dd7c03be24b28a,0
5c8f86e0f842ba52b8c19009,0
55acbdf8ed44704872df93e2,0
5eccb8aa18e87d64f13e012c,1
5e5f56ea3dbe9d00474f503f,1
5e6f204282e6d6b567d051d7,0
5ae9344787ff841c9ab69b79,0
5dfd9633ddee91057e0018d2,0
593fb0c99a2eee2bb40cee61,0
5aa8cd7b2c3a22301d352e25,1
5ebf573c45f8f02b2539663b,1
58d5c37dd3af5b54ebb74d56,1
5cc5363ab90e2b5649a53b80,0
5d1cbf16231caf5ee5f61593,1
5b07af657c3f11160f8bb7d9,1
5edb2db0fcc85c2e12014395,1
5cedf538a1e74b7cfd5974ab,0
5eb2200b989caa081980b812,0
5e8695172124351e6192bcf5,1
5e8d7d681db40e4c921cc994,0
5e3e1e80659f9c012d05e35c,1
5cff1056c76d52288fac419d,1
5dfd9633ddee91057e0018d2,0
5ec5fba4a6e08e12f03e460e,1
5a748120dc0c28764634ccfe,1
5d0b0ac9fdbec0744e2584a9,1
5d6f980190bd5f5694d25a6d,0
5cdbb7300ffb0e5faa5d5d63,0
5cedf93ac0baab7389f4ccd7,1
5d09ecc2f5d4eb7721203368,0
5eb5268448db4b2032243489,1
5ed9bcfdaaa2b81d9c991b83,1
5ea8cfb44e671a04ca0e5b79,1
5def3c02b8bdac0102daa099,1
5d2fca68d4465c17e6206de7,0
5b12401145089b206d7a455e,1
5ccaadf547634f48ae1daf8c,0
5da42681410d480fbb13c9db,0
5c0a0eab7721f07320bdacd0,1
5e60a7a59c6112c4c01a2ded,1
5edf07e70b313014b48a7450,1
593e59811897c53b972f5dc7,0
5d32ae384c901a2f6263384d,0
5aea67918a743b21013e41f6,0
5f11698e9a44cd5ecd1909db,0
5ccfa41e35af5c46c0bbad64,0
5c9b5efc65b4b3700cd6c679,1
5e71b033d9b4ac3bfee4274f,0
5cdfa97c034a3c0f3af1bfd1,1
5ccfc1718249575e0f776a12,0
5ed9de39b6befd33de8dd908,1
5ed4cabd34f3329741e8c3ee,1
5ea8dcee238ae108c8a57aa1,1
5c8aa4b8571dc27f6022a29a,0
5d523b41dc07526635f3ae75,0
5b61a98ba3839047d010fd62,1
5b31e341ec739662f2bd71ab,0
5e047ffa271ecb01ce39ae76,1
5e6f1aa7c182c5b14b486f9d,1
5eeef4c4066647a9388a8ac2,0
5953892749a5f7756941171f,0
5ea8f0eb3f8a650a4227f717,0
5d2823d9afa40277f9dcd92d,1
5ba4f816c1a38516a0cb12d9,0
5a6af94ffb04de342fa3ff8b,1
5c83278c6b39e64d6c16c907,0
5c874bffc7901e40dcb53cd2,0
5e4ce8cc2ce2e50680cee732,0
591e8dcf49043a6ea25b1a31,0
5e6079792389e6a7ef176eed,1
5d00ccdde1fe9971cb8aef7a,1
5eec6643d6854068e20df558,0
5d82f19340367911da1b9ee7,0
5e6885a8835b431211cdcd46,1
5d0729b0f945bd59ac54b329,1
5e9afadf98c04211c179fcf4,1
5c78989a826e994cd3bdab97,1
5e913de867b78002c07d5ff9,1
5de22bd604954c94ec9b6c99,0
5d5bb89494613054c04a2e21,0
5b1371ddd068ec1ed5ebabd1,1
5b0386696040cc41f2331c83,0
5954c8008329cb74b77e81e6,1
5eb4dd169263020a42be1a88,0
5e7ee69fa9d2ef00550fedaf,0
5d08893ebcf6877edd051a36,0
5ec4d24b21c01ee2d6dfb50e,1
5a93ab421c6def23e6f0c878,0
5dd372bed0d2f061a0c6fdea,0
5b5815ff4092766d7dbafc3f,0
5d48ec8f6b0dcd5cb0c6265b,1
5baf1d26c48bce0b1c46014b,0
5cfdbe0fba8cc019629e36f6,0
5c6a62559d67d46bb6ce5d70,0
5cd3e32fd908537780580e43,1
5ed213d6342ca33d87fe2ea4,1
5aed1470e9b72317ade10c19,0
5d1c8ce7d9ebfb1a55989de8,1
5d178f2c35678a26633c3bff,0
5c9f216de87867207c7ac74b,0
5ed8ea0b974ab76e85fb3459,1
5c876f5b122fda4ffb5246d0,1
5cbe81430aa3a4566e6ee369,0
5c8a16b5cb281923bc848d20,0
5c7e67e703cdc34ae8bd45a1,0
5e4e29ed8753cc326396fbec,1
5d82f2852a8c735a7daa3e55,1
5d0c7fda142e760e3b414d74,0
5d170abbc3b82d2ca527b409,0
5c36e83cc7d0216a7835b7a1,0
5a694c37a5419b68016bcb1c,0
5957163634bd9170cd0f7502,0
5cbd345663e9171f9180b06d,1
5cece16810467a5f254abaa9,0
5eb7863e696078086baec0ab,0
5e815f84532ff786c0d6190a,0
5ef0ef11f30aba4e22166d4b,0
5d3b25b59416e5223a1e30c1,0
5cd6627aa116696ad5a74fe4,0
5d0334561d8cd85dc025691b,1
5c1b3c204f9bf4042395e823,0
58db2a4eca5fec55a2b176a8,0
5c81feb19a4d0e06ea86daf7,1
5c944cf5b82fb711ad500ec2,1
5d2509a8b67b3f36849121a7,1
5afa87619987a56b4ae7405c,0
5cc7b24a607f2a6bbc3570e4,0
5a38f6e0fc8e5b063a250db6,0
5ccfa00e24ae2d5cf52f45ca,0
5d1c1f12c794de7b30320ba6,1
5d00afae32ac2c5a78cc059c,1
5e9ea7ba3a27db3e80bb7b6e,0
5eb4dd1bba09581b242c01b0,0
5ebcdff977dea63a3bbc4e5d,0
5e79d1d09981e55d65627085,0
5edf2eac07570835cf35ee02,0
5ed89a314342ce2530775c08,1
5eb3937c9dd6ca23dcb12315,1
5d4930a022fd6c0c10d9b8e3,1
5899205070782c519e2d8738,0
5cccf1b9e723f0635d81553c,0
5e915fc33b3c4742cfd78b63,1
5ebe0ff82d407f12e15d8b69,0
5a7033cfd91790235ed80f19,1
5eb0f505ff79823411767eca,1
5b17a4cff4979a14e3b4bf7f,0
5eb64eca0c8dbe3dfc55c400,1
5d2ee72ad0c3c6130e8e15e8,1
5b45bfd6d26302285f0f83e6,1
5c079b1b3d864936c0a4c1a3,1
5cdd1c445632da70960b4b9a,0
5ecb7e7bdc30f61965688c68,0
5ee47535e0fdab19513772a7,1
5cf5d255217c704c9f5ac4e0,1
5e98015614b1cf44d90910da,0
5b61488334144513e27ce380,0
5e9ea0052f7e421781e951fa,1
5ea3ec32cf46550c2ee011e8,1
5d48e96858129b44c0324f90,0
5db12c316a6f680a03dba43d,1
5e65bf0988c42d5a40179cb4,1
5c9c7c98b453e26d96b0341f,0
5acefb2f16d944554a579745,0
579c11beaa8aa377f926b2ea,0
5ecb231abbaf9c260ba413ea,0
5c9da0f8593b264e85540ba3,0
5ec3838095806b23bae8412b,1
5d30353626e12b6a5c2b44f6,0
594c7f0082f9b070a355c94c,0
5936611a08f45940ce8b5e01,0
5d299060d270a82a82344c01,0
5d42ab33e2f3da0f1d959b01,0
5a2f7cdb5cc9a60fadb7abc6,1
5ca2f72d96d90c7ed661b692,0
5ed48479a79b693eae66e575,1
5e956110d55c740fe1578225,0
5cfa0a9de936495950c04101,0
5ce2439e619d074a2e7b8481,1
5cece97854680c605d708db0,0
5cc6cc24034a3c48657edb3f,0
5aa0ee9c8304252fddfcc4f1,0
5cededafd481f058c1c52148,1
5eb399f9f7086c24de6a958c,1
5e6896fefcbdc64ff96f9935,1
5e93ffb081f3830154bf3585,0
5e16cb87e6dd7c03be24b28a,0
5eedd34f85d8a51957774703,1
5e9fcb1b93ebc013c8dc9f18,0
5ae186aea9cca955de69c5c0,0
5d27f983780e69046e93254c,1
5d0c4bf4f8e0be7ea8e096ed,1
5dafd1e7e580730831a8a64c,0
5af406469be1de3b00f73128,1
5e7ef0c5014a212b80a7b19e,0
5eb0b91db0d5d210fe8ac2ff,0
5e8436c3c510a227405a1f1b,0
5c9b4fb6c7c1b5471f6dee62,0
5dcbbed0de3a61037b6f1ef7,0
5ecb7059fb408fea401d255e,1
5dc51020f73ea90d48c68531,0
5ab4c9a52d659f0378b9cb22,0
5e6f204282e6d6b567d051d7,0
5eb29d33ae52d33440407949,0
5cc2592d1ff4ab5900977522,0
5eba05b08c884a0bddd0ad96,0
5b77b487c2bcf56ac0d49a19,0
5ae9344787ff841c9ab69b79,0
5ec1fcc3674f2550b841f3f2,1
5ed9af39e06ea614ef1afb59,0
5e660d44ed8e33cf98d36f99,1
5e7d9629e8192e00463aa6d5,0
5e6098d6aefd8aba77d88f6b,0
5eaa6e36fa62c322bb57f78d,1
57ccc65975aea72c65411bc6,1
5a62e26c95f79f51de48a606,0
5e8c600e60f3076f85bf2d73,1
5ec1e63f7abee20ab93c68f2,0
5eba1a18d61f0344e17fae3c,1
5abf2ef62ef55168ca71bd15,1
56791dffae318651873663c2,0
5ed8b757c840df324c7796aa,1
5b10c4ef431b7342aadace18,0
5892e3b0da200f71bcec426e,0
5c74e0aec25639192b9e2275,0
5577faf03cef83230c39d0c3,0
5eab54c831a9e205b05e6e84,0
5d1c260af02c727e3c3d0c61,1
57cfd9cc1640562050e48bec,0
5d1437ef4bc85a14abf579a8,0
5ed4846f86ab3a200059da35,1
5e8eb174fcc85c4b2f970769,1
5c9042bd4d78254c392d449a,0
57639e8824841762459c5e5c,0
5d5d0f8768a6ac6756e3d21e,1
5e68ffbbe97f758d0698e049,0
5c1c89326432f859634aa737,0
5d29bc2e05b01018762aaea8,1
5ea918a65f8ba830fee3a94f,1
58db2a4eca5fec55a2b176a8,0
5ce75b39bd809b61b5617d4a,0
5ceb44aac976b44c9c5f0227,0
5ee8d64229e09b123f9e9aa7,1
5ea11302c2d31f2d6f622bd2,0
5b4dcba5c731de4eb674bf4f,1
575f968e71c7c161e321f107,0
5e50d4805cb11404c0659096,1
5eb8dd6275e01b65b8da16ac,1
589d7bc5b72e7c1397b8b5d2,1
5d042f0921141014f192efd6,1
592bc443f4fbb234d2e85852,0
5ec4d25fa7ed5dd27f74ad31,1
5e5389135c21a2d11ef9b8e9,1
5c8615c29b83af3b342d2c15,1
5df2576d68963c1660471f9a,1
5a1e957fce700d27f347c435,0
5ee4880dad418021a27e3dea,1
5ebf573c45f8f02b2539663b,1
5e4b7be804e312785914c0c8,1
5caf39f0c1cfa228fccec57d,0
5cb99a5eb6259b187cc77184,1
5c823b50a937185c992e6d2f,0
5e3e5d332c3e1f0734f6740a,1
5d300e5c0152ba058f2cb07f,0
5adae16416d9442733b00177,0
5c35bcc4b7d2d236938ad925,0
5d07120c11e6065641900fc4,1
5ec4cea618f3b9c71fc3c49f,1
5e9ee02987ac3b0f75279756,0
5c39d2fca958dc1dd6b0cc64,0
5e9810834500da4e8d0c2376,0
5cd68836e731f919b55e08e3,0
5cf509ff2e4608604e83148d,1
5b2880c8e6aa7717e21461a6,0
5d2d31d4c15e48540153300a,1
599e9345064610593dba223e,0
5b58449a6efe5e178f799c31,1
5cfcdd42b3fdc841c21ff904,1
5576b706edb2391a06372f71,0
599624c59e41a0342218c883,0
5b44179208f66b1dae02fdf4,0
5d2bf4ce06f96e2cd64772d4,0
5ac487250548ea06d2955024,1
5b0bbe32c1082f71c9ad9209,1
5ea7cdb941b27544b4f4694c,0
5cedee9d7775ef72c072be78,1
567cb0925ff12c4829f07dfb,1
59fd51ba9e82590b7bf7ad16,0
54ab85ff509baf3e966f7f2a,1
5c63b75850c63d6a9bfe634a,1
5c88742f9a4d0e68dc7148c2,0
5d59083aa5fa243bcd2b45e3,1
5ea3b5bfa92d6c0442cd4b03,1
5ebb6a3db1e97c2d2d60101f,1
5c944d690d06de6f91b3a991,0
5c3ff9c71b115c0802243181,0
574ff29cb4b28660d9f94d3f,0
5e916d950e061621c062ac52,0
5d42a8479ef2d22e268e050a,1
5d03176da8c15d5e4b5171e4,1
5ee8d64229e09b123f9e9aa7,1
5e4e9219fcc85c44b0757483,0
5e6a049b22948f5de207447e,1
5ad6b4271e520e4c8fffe172,0
58aae24ddd127b534be35ae8,0
5cf0a87f2202a759d6ddb369,1
5ce262d24db1576e365454d1,0
5d78933775c1735981cf4c25,1
5bbd48c6cde8402bfd4e18e0,1
5e9167baf5ad2a474363ebaf,0
5cccf1b9e723f0635d81553c,0
5ea6bb4678212d0c01c3476a,0
5d3591931958cd77befe429b,0
5e9e9f8aca869939b544a886,0
5ab891d5dc0c2851135824d7,0
5e6b2dfdc8a3db48b223b701,0
5ebbd192c1b69c3de34286cc,1
5d11e3e51bb88e735249cbbb,1
5e683f1cee70ce1cf4a91d2a,1
5d806ae97c339c307264cf76,0
5ea27e10bea0a402811af6a8,1
5e76d7f0370e9deae7cadf87,1
5e82c05c9d1cec1dfa9bf0fd,1
5c63b8d97037716f81be1e89,1
5e65e7ac35af31b8b719aa13,1
5c2f068b53477172e3886c79,1
5d3120c92435742c362a09ec,1
5d3fbb7edf9945238a3e858e,0
588c54fb6661e84246a8aa71,0
5e689c86003bf60050ae0be1,1
5e3a58fbab71890480516a09,1
5cc2d24035b846634f67558a,0
5d282b01d750b778c045c9f1,1
5eb63e65f98a3634f4d430b3,1
5b22ee2dcf612a12962a84f6,0
5e8dfd148e760f97b76f09a5,0
5c88aede7d6c6a218ce2b312,1
5df1d0a2c7f18f0857cc1798,0
5eb0d8b4423db02317031a34,1
5ecf5d30e9f82b433471be88,0
5e04554af2db2e0211989d36,1
5ca084765e18c31890903f2a,1
58e85a652ab02a1908608ab8,0
5c1b6e19c96aa87c20e6a32c,0
5bf651b7107ad060df8d82fd,0
5e93d87e2e87d8b154dd238e,0
5e956110d55c740fe1578225,0
5d5df4f9ab3178058cbd5906,0
5be393792655325c8004cf82,0
5ec4d24b21c01ee2d6dfb50e,1
5e9bf36aecb3b56809e83a36,0
5eaba913c039171aeb0732f8,0
5ef2f90ca888ba40baf3bd16,1
5d78933775c1735981cf4c25,1
5c837b60bec7771428a98865,1
5e6f1aa7c182c5b14b486f9d,1
5ec39565bb9e684ea7371e7c,0
5d22a5c3b1ae313fdb4801da,1
5eb24bea7fc03e380f0509a1,1
5dd372bed0d2f061a0c6fdea,0
5eb4dc8ec1231404c92d7eae,1
5efc475047f98d45ef7fa1f2,0
5cf10d573818e44a8e42f255,1
5e8d78b38a5fed4a5a026712,1
5d1ea4a4c3467e6294d1ad0c,0
5af40bb2f281cb017ec17012,0
5e9e82ea36d82c2330c1b363,0
5abc519e3c1dc61e44e0667f,1
5707400fae8c9365ccb888bd,0
5e9932cab3eafb25c00ba79f,0
5c93384658417d4d433feb91,0
5ea27927a561041cc3fe56e3,0
5bf38aa52dd62c3a7550a899,1
5eb10d32f12bf74120b0fd1e,0
5bce9924df97d42c05eef81e,0
5a9fa7ab6bcfa367f9c554c8,1
5ea8dcee238ae108c8a57aa1,1
5ef2c54482e1e6221ffc7de9,0
5cc01186416a307424603aba,0
5cda71c65ea3126b96be1ab9,1
5e7ee6ba87a9e742d6894fdc,0
5b326af509dce53d08a6466b,1
5ed48479a79b693eae66e575,1
5e76bdc3e92186db5697bf62,0
5ea3d34c7e458d258289cdfe,1
5eba5b1c29367c77b5c0eb35,0
5eb96af6de96f304f1437bc0,1
5e9e96da6c4bc104801ae477,0
5d47999b2445d31e05451436,0
5e227b0fca2543070a2e1734,0
5d57803644554b1b9200275f,0
5c3de992180d223f8a3329d9,0
5e9a99189b1c2d0240f15f72,0
5cfdff52d05757021bae9d17,0
5d367739407a226495aa2470,1
5b62adee423ee1752a512ca9,0
5ea1161798c3202180fa1293,1
5eab895777f05602e0f36f12,1
5e9aa6027ef81b1d830b6e11,1
5ecc8472fe429946b009900e,1
5d79d8dc6607933421ffa6a4,1
5cde56ea6bbbd86b1cbab4a8,1
5adeaf1617c7a925122b2941,1
5c3fe7021a62f63f6d4820ef,0
5c8b3b73727ef733eae435d2,1
5e0481bf1705212493a2f8e5,0
5eb10406591f883c59a1dcb4,0
5d2477487a074501b0cb6438,0
5e751f3a15c57e874f677e6d,1
5d29bc2e05b01018762aaea8,1
5cc81498d2dfc22af700ebe5,1
5d8d8f2e0c400f2f97671e30,0
5f03643cc00703c46d6745f0,1
5bd144f0b0de8459981dd41c,1
55ac4e9fc21d2e406f4b90b7,0
5d51315fe72c993296b63061,0
597adab2ab03f4429e23d778,0
5b7ba8fdfc71be0f30bb7f44,0
5edefbd61eb25e17fedf9b8e,0
5c355a86211ca154535af293,0
5ecdc68e46cdc10c6216940f,1
5d4925eb8972ff23164bbd2a,0
5b9f1a4bd143a816d746677a,0
5d2e8fa433d723444547a0e3,0
5d58daef3159a812b05933d2,0
5abb2dcdd236a572c57192f8,0
5b06754d91d2cf12f07c6988,1
5e5723c6f14e531668fe93c6,1
595b77cd3e5c2010cd0712ca,0
56fe70b837c44740638391a6,1
5d03176da8c15d5e4b5171e4,1
5dc188b6e2abd414a2bcb144,0
571adeab62cce546f1a46bc0,0
5cb99a6535110466bac87472,0
5e3901a8aaccd401e2a2d699,1
5bb6cfd4e0334021219d5d2f,1
5ef858a0d41d4c085fb829e6,1
5e91713952bdf84d21150eaa,0
5d1f255bd91ac0648c8c7079,0
5eaa972cf7d1965858d7b664,1
5d11c1a359a267782799345b,0
5cf66417844fc312acf3d8ff,1
5577faf03cef83230c39d0c3,0
5a6ac6f9227c62493f93b53e,0
5dd795fa0f11f7c2e48f2091,1
5db013aa7b620c0e7346ebf6,0
5bebc4a90269f2172b1af950,1
5d1709377d85c3451136583b,0
5aec5aa5e08184220e174919,0
5f095371d25f1d274c028031,1
5cb02b41f8badd79e1c3a00b,0
58b7dc3133b0bd5914a62c90,1
5e9d251ec741acb9f508e014,1
5ec1ffa502f451526044f724,1
5eaa52eb9438b830d970731d,1
5f0e6c204e43471f765df4f0,1
5db82c194989970842830ee5,1
5d4105bcde7d5d3b599eaa26,1
5ec782e0a323520050bd869b,0
56fc8fb110d0170f68dcc789,1
5ecb27f2a746691048f27232,1
5e478ea274ebb43c45f5615d,1
5ea7929004129921f6ec8786,0
5ea0f7839341bb1d6e41ec51,1
5ecc7c381d9d7640d5507759,0
5e8aae44079d800040436ad9,1
5cb149f2b8ef3559d7a616a0,1
5e423fd2cfe75d335f1cb59f,0
5cbaa75474447f0309226366,0
5a3e135e8b9e474d8ced3d13,0
5e4e9219fcc85c44b0757483,0
5ca084765e18c31890903f2a,1
5ea2877224b9643185e52b58,0
5ec61961f80b97293e308e3b,0
5d3009fcff0f8e20ef73d344,0
5e9fa7c9898d87003f5891cd,1
5dce171a4ce6af254aee6a13,0
5d51228a93da464d5b2995fd,0
576ba1eb7f3351084cd0b578,0
5b3dd07615e1a54aa30f6117,0
5cda67f81d74dd124be0aa84,0
5ccd040271a18b65332a83d7,1
5d02053561ba8679fdbc3082,1
5ea3b3e93b0e9b0ef3af91c3,0
5cd8e61e943cd76a7c2d0be0,0
5e40f1398d75d64239efbb87,0
5e9fa7de39682a0043ab7898,1
5c2320b1c68b9858ff6fff97,0
5ceb892ba24a0f04545c69cd,0
5c8b7042b5154f67e6e2e327,1
5d11bd97dc99724d81941cf4,0
5ccd5605944e530bfb02d203,0
5d2d7c75d7bd6303731a556f,0
5dd62bc4971b429f13c186b8,0
5e3684770ee1810ee4160d27,0
591a98617e26c61eceb2a581,0
5e9fe3edda7e8a20bf1975ff,0
5ca1b478f31dbc0a7a353b40,0
5cef6f0d2b18ce107dff9f21,0
5cb6c6e841ec3b10cad8e77f,0
5c9ac9b36b682b47155e1a58,0
5eba5b1c29367c77b5c0eb35,0
5dde06cf1a6aa6391f0da3fc,0
5e1bd84750f8cd462a20b05b,1
5ec1ffa502f451526044f724,1
5d11bfcf5ac86e1fbfb52b8f,0
5d806bcf77593b45bd7cff78,0
5edda5aeb7160e568443c6e7,1
5ec5e902610fbb0cb0ab6da2,0
5b6021aee07ac6197df2d097,1
5ea13adaa3cf3440f5d1605d,1
5cb0327791033211722bcb97,1
5b5928df126bde74e5771563,0
5df1d0d196708b08bd77de84,0
5e8d78b38a5fed4a5a026712,1
5cc15531a59fb0422d35df06,1
5d3eba3f20e552131d7dcb40,0
5e9ff3e48b0b220dc5fe08b5,0
5ece1b9e57fd6f3ea96f0b26,1
5c99cc1d987d733441c90588,1
5df1ecfd5ae3500bbf3ba4d4,0
5e1c35b8fcc85c5446a0a8af,0
5ecc88113630a4376e694457,1
5d4e1c578d4d082786c90cc8,0
5ea27927a561041cc3fe56e3,0
5ea1161798c3202180fa1293,1
5ed1d07c3577612ab0072657,0
5ea90eed651012211b49959b,1
5cde482084913617975abc02,0
5edf2eac07570835cf35ee02,0
5a35a744daa5c76df424c228,0
5e9fa7de39682a0043ab7898,1
5b14b26c978bdd2c6e21d987,0
5cf2af4e5d3c271292063d27,0
5ebb9faea86f7a4d86e2f6fb,1
5a309e7c2495d43e9bd63486,0
59785c836bfb5f7a747d6eb5,1
5d089aa1c76d52190a124b58,1
594dcfd3346d4b7048be7495,0
5ed1d24d5aaa9c285e15cd64,0
5e6f1f18eb32d0b52d76cdbf,0
5e967c5fb8172805c0956fd3,1
5eba38a9d0c9a464e4490d20,1
5d31263826b71f67aa5618c9,1
5e3e5bf39052fe07808a7adc,0
5e9ea540e0c1023c4fd978db,1
5e683f1cee70ce1cf4a91d2a,1
5e81acbde187530740f207c6,0
5b82f9d02e756e165025e7b8,1
5d4a77d84aec0d1e81e8ddd8,0
5e7eb4545c97e409ca7c33aa,0
5eec894c4625d53252ad6e09,0
5d43cfe54fa3e47d9280ef5d,0
5ebe0ead593b960eb1c82d0b,1
5801bf9ef22bef78458987d8,0
5ec49d527d7044ccfa3f1c04,1
5eacf4bd2f2def0238b0aec6,1
5d1b46faed852961cae43e78,1
5ddf85feb3118e5ced0b8cf4,1
5eb282013b3dda03d08d5f6d,0
5c6ba39ccc30f2654992a710,1
59313378900f63528b168590,0
5e7843348935f4bcaf684605,0
5f0025c325561d2a49b8f58c,1
5a3cccf4e723d838617c8a68,0
5e951eb4c7783d0a9a876292,0
5d3d64184aa4784e026ef969,0
5ea91e4d29b81241e1d43b27,0
5d2c298f71a914273558a31e,0
5e09ebecdc02a90154dc6bf0,0
5e915982ab90d13f12c58c1d,1
5cbfdb539f5865397b24f635,0
5b04be45a7df63180c4f9c7e,0
5a1d08e7cd0e681313a1dbde,0
5e68654e4d9d67070047a61b,0
5d0b0ac9fdbec0744e2584a9,1
5e1bd924d7be4445acfa8c6d,0
5eb0c05c8418d0155e62ab7b,0
5cee3f86fad167490f608390,0
5e99436f9ce56d2f8a145788,1
5d09be52eea40f71353f7213,0
5d30353626e12b6a5c2b44f6,0
5cecc52995362038cdafa5cd,1
5e4de7c0fca4bd0c7f6e62a6,1
5c78d5ca8f7a796ffffd6fba,1
5cb8112250c674473bd58784,0
5e7ed12eb0bce72e808fd175,1
5e7c870cedbc005e005014b3,1
5c6a61c8707afb3ec1abb8d3,1
5e5772c54870984470202a63,1
5c29b30b97c6703dd54b1096,1
5ea8f08300a7ca1e25baf3e1,1
5e82bd24239e991c07f02bf7,1
5eb4ee2c48db4b0f42240401,1
5e974f0241bfa80828e9c0da,0
5e59fbad67b3390255c23751,1
5db021827fee081001a82fc0,0
5ebe5359c88200382515760f,0
5e8ec06f45ca8b343769e77c,1
5ed49b78c445ee6481e1d100,1
5eaa6872e868273dd4f538d2,0
5eb0c05c8418d0155e62ab7b,0
5ec5ef713c5b5f21ae984f89,0
5eb4e78900cf4a1f5b5d0fe1,0
5ae978af2d88f95727d921f2,1
5c8600ae1cb98f7a3a7099c2,0
5eb5265fc98433438c3a5775,1
5da7e257dca002097b158dfc,0
5c3c095b2af01c230cd5dbf2,1
5cb43ef2351d553f2d276946,0
5eb2200b989caa081980b812,0
5cda2dc154645202d0458a14,1
5eaa4aead761a603014a1d64,0
5e9ea82f6171be39047899cd,1
5cfc84de83993d32af5257e9,1
591c6e86681f5f27332330ce,0
5eba14a6aa66533dc41f2ae3,1
5d569982a4c254518f4e3f33,0
5ea69521f5e1e65a3c70faa8,0
5e0450861f26761e566fee35,1
5dc23f82bcc20f001e5a73e0,1
5ed0a8c8ada718467c37424f,1
5eb763e728a61a40806afbff,0
5ee46c69e9523b10591b0dca,1
5d832e8bdfe9c5124cb98bd2,1
5b0e18738213af277cb862f9,0
5e663f65b12772eb50bcf938,1
5eba05b08c884a0bddd0ad96,0
5e93d7cf79bded3d40385b54,1
5bcd4a045d689f171be1655b,1
5aba0e4d35ca8601538db9b5,1
5e44d17582959024a050bae7,0
5923db899009d70e4319514f,1
5abb1309dc0c285e4eb675a8,1
5ebb83bfb3eb1c26cc6f048b,0
55c181dee7f48f42252fb7ff,0
5e5783f3ef63054df23adcd9,1
5ccaadf547634f48ae1daf8c,0
5eaa763bf2a4023bc0f6f600,0
5b812c6bad9cf525ee514516,0
5ceb7e996bdaed5f2be26d58,1
5d0731413f99db0be0450928,1
5eb619fb040a7f1fc2bbe3d0,1
5d0c4c994fb7a96068096174,1
5d088a1afc092c6d6e8c9daf,1
5e7d9c4eb880a0477d8103cb,0
5c710c76ebd9466c3e4861ad,1
5d63a7dfa9c84677ea42887f,0
5ce35861a11669329976a491,0
5e3ec653022fe610e3dc5b72,1
5a62dcd33f78766f035945ac,0
5e06d16908979a191fe33031,0
5e6861a9ee70ce3101a91d44,0
5c920161bec77729d9490525,1
58eeefc901ba331d47ca05d8,1
5e93d60ebc5446aedde50c50,1
58ca99f931a345532b684d7e,0
5ed8b757c840df324c7796aa,1
5e97129b6ee2a91a8067702e,1
5ebf4728ed59bb08322ca81a,0
592fc0ee8f7b083a09f0f64f,0
5cc8351147634f53a6115fcc,0
5d130908ce76c95e615be75c,0
5947718c4600c76e72246e75,0
5e426615a4662e4a214c6371,0
5eb4ee2c48db4b0f42240401,1
5d4bb45c3ff22e4754d51846,1
5e686ce3e1cc2837f55f4401,1
5e9e714ed8ffeb004ec08270,0
5b1a1d72892e9f13ded21644,0
5c6bb167314806702b1b55ca,1
5ee3257cb3c7be38e3ec7c74,1
5b2a113209dce569672cc9f2,1
5cb934f3a866551356e5f254,0
5d10a119f11faf10003b52c9,1
5c340c2b31825e42ca62d69a,0
5d3127cd4d7c340fd86ad244,0
5e40f1398d75d64239efbb87,0
5ccd4623195cfe61a169cafd,1
5e8ebf2eac17f043654c58d7,1
5a3385c1e26cae0aaa20e029,0
5e4501d384935740a8a9a4c3,1
5c6a4bbb3abfb51118b000ca,0
5cc004928e117425a916426b,1
5f046ac0980447385a1a28e4,1
5b42cb780cb47619a7f6bbc2,0
5e9e876d27f2102a8979c8ee,1
5edf1268a464d32423613a5e,0
5ebd015540cd2c3a8953cecb,1
5d2d3c9ed5c6b00249163289,0
5e16bf595457ab0a563485ea,1
5d11e3e51bb88e735249cbbb,1
5c3845c9b7d2d26e8b409f02,0
5ef702023a91ac0176d698e6,1
5e93d7cf79bded3d40385b54,1
5e9d3f0bad02980482682c4e,0
5ec5fba4a6e08e12f03e460e,1
5dbfe72d66169243db6635df,0
5cb8136006879f55b0ff0df0,0
5ed9e4ba8ab15d0b4b04e50b,1
5e5ca8e862cb8f75896ae172,1
5ca2f72d96d90c7ed661b692,0
5dd8ab8a786d6703c7ec8a69,0
5eba352573d6765d88b36bdc,1
5c60e1b2a74fd43d1ebfe639,1
5eb0db681c4b1c25486d2e7e,1
5e59fbad67b3390255c23751,1
5b1e05d0c71f3d17c2e5d4df,0
5e40f1f893ca5f428e2471d3,0
5db021827fee081001a82fc0,0
5df1ecfd5ae3500bbf3ba4d4,0
5c21ca1898238d325ed92eca,1
5eaa52ee64c7a230fe403a64,1
5edf0766194c971ec3ac4b9e,1
5ad99c58bd784c1ffb100601,0
5d01ea30388e1065461d8806,0
5cf608da188cc348c6d66b74,0
58df3eb809730e54ddd932ca,0
5cef3ca4dd762342f4a4df7a,1
5ec35e48c2112616231ab3f4,1
5ed5f7ccdfed1b4b1ac785c7,1
5c9b2487b14bfa32ed7eb029,0
5b20b718a2a83e2ca6e9ac7e,0
5caed93ee8567b275e1ca8d8,0
5ed34320dd296c304cb25970,1
5caed595c7c1b5383a04043f,1
5b3f3a9205dff81785dba8e6,0
5e9189606123795b1d5b60ab,1
5cedf93ac0baab7389f4ccd7,1
5abb1309dc0c285e4eb675a8,1
5de0bdcce07f9e75fdfc8da1,1
5d1b00a20d62613f9e7f76f3,0
5ea139e452f5470ac02279e2,1
5cfbdd5f3818e474b87846b7,1
5eb24d0fd8da132dfb97ee79,1
5d7886997bf8ef73a437287a,1
5d2fe4d55cdae96941f5a9bd,0
5eccb455d4eb5d46b00be0ed,0
5ed9df5dd6223e34697f9024,1
5bdea74e9eddea3597f1a67d,0
5e8d606bda3e443b5e67bc29,0
5d14546bf5eab044136b2540,1
5d5a9a582084e238605c2d99,0
5d2d3c9ed5c6b00249163289,0
5cb9e5b3f80ccb4a33211329,0
5aa3592f6bcfa3795cba85b8,0
5c88742f9a4d0e68dc7148c2,0
5c662a56c3b02f4d7fe5fe32,0
5d0b625666b2734958f627dd,0
5ea28758278192466d0427dc,1
5a618aff64621a6a2122adb6,1
5ac343da7ddb0617e9b95919,0
5d157312e38c8c047ea116f3,1
5e7ed4fb7a1e3137c5ad14ff,1
5b4f0dc4dacb4350696cbbe1,1
5d6a0d55976cd02993e43250,0
58d3459c7379b159c406b360,0
5ae01ea95e2ae114f138414f,0
5df202bb707508021388614a,1
55754db131308d19e9cfcfee,0
5ea8f0eb3f8a650a4227f717,0
5d22bc01b1f60206f29d77e1,1
5e9693535690ff1a49098d4f,0
56396e7c37b94b100592b93b,0
5ec4bf87c2112615ba1c66d4,0
5cf648ce373ac2069fd6317d,0
5d2d40ad6044b50685483ae7,1
5eb63e65f98a3634f4d430b3,1
5e75a726fd65bb1d871a71cc,1
5d299060d270a82a82344c01,0
5cb84b0ca94960380df13ca7,0
5eb6c6c98dfb8862c52ae331,1
5dbcfa073bab3307315950fc,0
5ea28758278192466d0427dc,1
5ea16697e791c05f2a5d0c6a,1
5ec39565bb9e684ea7371e7c,0
5e9699a819be191f54278a18,1
5c3c4a7f97fd8d386bae82f2,0
5ed703113547ebad907edbc0,1
5b7d0e51b79c8414c3ef8548,1
5919b96486a1694f4fbcfa12,0
572981a997dc5f5d3c5f0651,1
59115cdde048527c7195b49f,0
5d69df6c8b2a8b61e7b3eb0c,0
5c3befd857ceb9569c5dbb8d,0
5ad96a001c6def05447630a0,1
5cb48928caedb76788c56141,0
5d04e3db2ec1245228829a64,1
5e7d7a3e796e353360f42fc7,1
5ce253c2bffaf674088e8ff3,0
5e9915ef9fae4f26f32f15df,1
5ecb7f7dc76c3c99918909f0,0
5c6ccaed29eb172d628bb404,0
5e609362ecbd0cb7bd4314da,0
5ecb7059fb408fea401d255e,1
5840d0503d6ce66bf4ff84e0,0
5959ed562c2ebe2e03d228f5,0
5c41a80f3db9c507d63e3e52,0
5cc7b4c98b94871ee33b33b6,1
5cbdc84c85bdb02f695eae8c,0
5d66eb53d2bde654e2b948de,0
5ec62572edb716031c1256f3,0
5cb1abbb53de5b5d80d22e2e,1
56f0dab6277db57b2a18e14e,0
5a6ac97e5983516f0f0dbf85,0
5ea0f2a654446407c111b622,1
5ccea5c767c5606e6f8022b1,0
5e60eee21ed938ec8c3da0af,1
5d58daef3159a812b05933d2,0
5da04c1f5949a226113006f1,0
5b4ed29514f0765a8a844592,0
5e8f0165e815903d022a3c7c,1
5d1060d39ed281190dfcec91,1
5c91a7ae7cfe8e4e64c36d97,1
5d5fadc99febd9356cbc52ee,1
5eccd22b4497b86fd48f16b4,1
5e74be96034d613d42b52dfe,0
5eda07ab0e295c2097c36590,0
5e857321f53c3d2d8f25e7ed,1
